ID,NameTR,NameEN,Tags,ImpactMin,ImpactMax,DurationMin,DurationMax,RouteCostMultiplier,Weight,SignalTR,SignalEN,HeadlineTR,HeadlineEN
E01,Liman Gecikmesi,Port Delay,PortDelay,0.20,0.35,2,4,1.0,1.0,Limanda vinç arızası konuşuluyor; ithal mallarda gecikme olabilir.,Talk of a crane fault at the port; imports may run late.,Liman gecikmesi: ithal arz düştü.,Port delay: imported supply is down.
E02,Sıcak Dalgası,Heatwave,Heatwave,0.20,0.40,2,3,1.0,1.0,Meteoroloji önümüzdeki günler için sıcak hava uyarısı verdi.,Forecasters warn of a hot spell in the coming days.,Sıcak dalgası: içecek ve vantilatör talebi arttı.,Heatwave: demand for drinks and fans is up.
E04,Elektrik Kesintisi,Power Outage,Outage,0.30,0.60,1,2,1.0,1.0,Şebekede bakım planlandığı söyleniyor; kesinti bekleniyor.,Grid maintenance is rumoured; outages are expected.,Elektrik kesintisi: jeneratör ve pil fiyatları sıçradı.,Power outage: generator and battery prices jump.
E05,Fırtına Uyarısı,Storm Warning,Storm,0.20,0.40,2,2,1.0,1.0,Kıyıya doğru bir fırtına sistemi ilerliyor.,A storm system is moving towards the coast.,Fırtına: alet ve ilk yardım talebi arttı.,Storm: demand for tools and first aid is up.
E07,Festival İlanı,Festival Announced,Festival,0.30,0.60,3,5,1.0,1.0,Belediyenin yakında bir festival duyuracağı konuşuluyor.,The city is said to be about to announce a festival.,Festival başladı: etkinlik talebi patladı.,Festival on: event demand is booming.
E09,Yol Kapanması,Road Closure,,0,0,1,2,1.25,1.0,Ana arterde çalışma yapılacağı duyuruldu.,Roadworks have been announced on the main artery.,Yol kapanması: rota maliyetleri %25 arttı.,Road closure: route costs up 25%.
E12,Çip Krizi,Chip Crisis,ChipCrisis,0.80,2.50,4,7,1.0,0.4,Tedarik zincirinde çip darboğazı söylentileri yayılıyor.,Rumours of a chip bottleneck are spreading through the supply chain.,Çip krizi: bileşen fiyatları fırladı.,Chip crisis: component prices soar.
E13,Yapay Zekâ Dalgası,AI Boom,AIBoom|DatacenterDemand,0.60,1.50,5,9,1.0,0.5,Büyük bir veri merkezi yatırımı konuşuluyor.,Word is a big data-centre investment is coming.,Yapay zekâ dalgası: grafik modülü ve bellek talebi patladı.,AI boom: graphics module and memory demand explodes.
E14,İnşaat Patlaması,Construction Boom,Construction,0.20,0.40,3,3,1.0,1.0,Belediye yeni inşaat ihaleleri açmaya hazırlanıyor.,The city is preparing to open new construction tenders.,İnşaat patlaması: alet ve güvenlik talebi arttı.,Construction boom: demand for tools and safety gear is up.
E15,Salgın Uyarısı,Outbreak Warning,Outbreak,0.80,2.00,3,6,1.0,0.5,Hastanelerde vaka artışı olduğu konuşuluyor.,Hospitals are said to be seeing a rise in cases.,Salgın uyarısı: maske ve eldiven kriz seviyesinde.,Outbreak warning: masks and gloves at crisis level.
E16,Yakıt Zammı,Fuel Price Hike,FuelSpike,0.15,0.30,3,3,1.25,1.0,Rafineri fiyatlarında zam beklentisi var.,Refinery prices are expected to rise.,Yakıt zammı: tüm rotalar pahalandı.,Fuel price hike: every route costs more.
E19,Panik Alım,Panic Buying,PanicBuy,0.20,0.30,1,1,1.0,1.0,Sosyal medyada stok yapma çağrıları dolaşıyor.,Calls to stock up are circulating on social media.,Panik alım: temel ihtiyaç talebi arttı.,Panic buying: demand for staples is up.
